,Author,Score,Children,Page,PostTime,URL,Diff
0,FilmsAreQuiteAwesome,1251,0,1,2016-11-04 01:58:24+00:00,https://www.reddit.com/r/movies/comments/5b0zni/official_discussion_doctor_strange_spoilers/d9kwuke/,
1,Trionout,676,3,1,2016-11-04 01:59:15+00:00,https://www.reddit.com/r/movies/comments/5b0zni/official_discussion_doctor_strange_spoilers/d9kwvwn/,0 days 00:00:51.000000000
2,MatsFan5ever,547,1,1,2016-11-04 02:00:06+00:00,https://www.reddit.com/r/movies/comments/5b0zni/official_discussion_doctor_strange_spoilers/d9kwx6t/,0 days 00:00:51.000000000
3,Deofol7,473,2,1,2016-11-04 02:01:05+00:00,https://www.reddit.com/r/movies/comments/5b0zni/official_discussion_doctor_strange_spoilers/d9kwyrc/,0 days 00:00:59.000000000
4,JimboJimboSlicee,434,2,1,2016-11-04 02:01:53+00:00,https://www.reddit.com/r/movies/comments/5b0zni/official_discussion_doctor_strange_spoilers/d9kx004/,0 days 00:00:48.000000000
5,Annoying_this_guy,400,1,1,2016-11-04 02:13:34+00:00,https://www.reddit.com/r/movies/comments/5b0zni/official_discussion_doctor_strange_spoilers/d9kxhnd/,0 days 00:11:41.000000000
6,SavioVegaGuy,367,1,1,2016-11-04 02:26:45+00:00,https://www.reddit.com/r/movies/comments/5b0zni/official_discussion_doctor_strange_spoilers/d9ky23q/,0 days 00:13:11.000000000
7,Torpid-O,346,1,1,2016-11-04 02:29:36+00:00,https://www.reddit.com/r/movies/comments/5b0zni/official_discussion_doctor_strange_spoilers/d9ky6g1/,0 days 00:02:51.000000000
8,DJ-Tom-3,350,1,1,2016-11-04 02:46:22+00:00,https://www.reddit.com/r/movies/comments/5b0zni/official_discussion_doctor_strange_spoilers/d9kywfb/,0 days 00:16:46.000000000
9,DeoGame,356,1,1,2016-11-04 02:50:10+00:00,https://www.reddit.com/r/movies/comments/5b0zni/official_discussion_doctor_strange_spoilers/d9kz2dp/,0 days 00:03:48.000000000
10,UltraDangerLord,41,3,2,2016-11-04 02:57:58+00:00,https://www.reddit.com/r/movies/comments/5b0zni/official_discussion_doctor_strange_spoilers/d9kzed7/,0 days 00:07:48.000000000
11,Velorium_Camper,39,2,2,2016-11-04 03:02:35+00:00,https://www.reddit.com/r/movies/comments/5b0zni/official_discussion_doctor_strange_spoilers/d9kzll8/,0 days 00:04:37.000000000
12,Brolom,34,2,2,2016-11-04 03:36:42+00:00,https://www.reddit.com/r/movies/comments/5b0zni/official_discussion_doctor_strange_spoilers/d9l0zho/,0 days 00:34:07.000000000
13,kinkosmyers,41,2,2,2016-11-04 03:48:49+00:00,https://www.reddit.com/r/movies/comments/5b0zni/official_discussion_doctor_strange_spoilers/d9l1gmw/,0 days 00:12:07.000000000
14,pacmain1,39,2,2,2016-11-04 04:05:32+00:00,https://www.reddit.com/r/movies/comments/5b0zni/official_discussion_doctor_strange_spoilers/d9l248y/,0 days 00:16:43.000000000
15,themexiwhite,34,2,2,2016-11-04 04:11:55+00:00,https://www.reddit.com/r/movies/comments/5b0zni/official_discussion_doctor_strange_spoilers/d9l2cui/,0 days 00:06:23.000000000
16,Brady_Hokes_Headset,37,2,2,2016-11-04 04:21:17+00:00,https://www.reddit.com/r/movies/comments/5b0zni/official_discussion_doctor_strange_spoilers/d9l2oy4/,0 days 00:09:22.000000000
17,MMX2,36,2,2,2016-11-04 04:33:45+00:00,https://www.reddit.com/r/movies/comments/5b0zni/official_discussion_doctor_strange_spoilers/d9l349c/,0 days 00:12:28.000000000
18,MichaelM_Yaa,37,1,2,2016-11-04 04:52:54+00:00,https://www.reddit.com/r/movies/comments/5b0zni/official_discussion_doctor_strange_spoilers/d9l3qwg/,0 days 00:19:09.000000000
19,Hansmonky,28,1,2,2016-11-04 05:06:52+00:00,https://www.reddit.com/r/movies/comments/5b0zni/official_discussion_doctor_strange_spoilers/d9l46jv/,0 days 00:13:58.000000000
20,Deliwoot,28,1,3,2016-11-04 05:10:34+00:00,https://www.reddit.com/r/movies/comments/5b0zni/official_discussion_doctor_strange_spoilers/d9l4amm/,0 days 00:03:42.000000000
21,LegitTURDle,28,2,3,2016-11-04 05:11:15+00:00,https://www.reddit.com/r/movies/comments/5b0zni/official_discussion_doctor_strange_spoilers/d9l4bcn/,0 days 00:00:41.000000000
22,slothalot,24,1,3,2016-11-04 06:20:41+00:00,https://www.reddit.com/r/movies/comments/5b0zni/official_discussion_doctor_strange_spoilers/d9l635z/,0 days 01:09:26.000000000
23,1337speak,22,1,3,2016-11-04 07:38:20+00:00,https://www.reddit.com/r/movies/comments/5b0zni/official_discussion_doctor_strange_spoilers/d9l7oyn/,0 days 01:17:39.000000000
24,Kunfuxu,23,1,3,2016-11-04 08:10:49+00:00,https://www.reddit.com/r/movies/comments/5b0zni/official_discussion_doctor_strange_spoilers/d9l8ael/,0 days 00:32:29.000000000
25,ArcturusFlyer,23,1,3,2016-11-04 09:06:36+00:00,https://www.reddit.com/r/movies/comments/5b0zni/official_discussion_doctor_strange_spoilers/d9l99bw/,0 days 00:55:47.000000000
26,rohay,21,1,3,2016-11-04 09:25:32+00:00,https://www.reddit.com/r/movies/comments/5b0zni/official_discussion_doctor_strange_spoilers/d9l9l2c/,0 days 00:18:56.000000000
27,ggalaximm,22,1,3,2016-11-04 10:44:34+00:00,https://www.reddit.com/r/movies/comments/5b0zni/official_discussion_doctor_strange_spoilers/d9lb0h4/,0 days 01:19:02.000000000
28,ggalaximm,17,1,3,2016-11-04 10:44:47+00:00,https://www.reddit.com/r/movies/comments/5b0zni/official_discussion_doctor_strange_spoilers/d9lb0my/,0 days 00:00:13.000000000
29,ggalaximm,16,1,3,2016-11-04 10:44:53+00:00,https://www.reddit.com/r/movies/comments/5b0zni/official_discussion_doctor_strange_spoilers/d9lb0qg/,0 days 00:00:06.000000000
30,ggalaximm,18,1,4,2016-11-04 10:44:58+00:00,https://www.reddit.com/r/movies/comments/5b0zni/official_discussion_doctor_strange_spoilers/d9lb0rv/,0 days 00:00:05.000000000
31,ggalaximm,19,1,4,2016-11-04 10:45:03+00:00,https://www.reddit.com/r/movies/comments/5b0zni/official_discussion_doctor_strange_spoilers/d9lb0u9/,0 days 00:00:05.000000000
32,ggalaximm,18,1,4,2016-11-04 10:45:08+00:00,https://www.reddit.com/r/movies/comments/5b0zni/official_discussion_doctor_strange_spoilers/d9lb0wp/,0 days 00:00:05.000000000
33,ggalaximm,18,1,4,2016-11-04 10:45:13+00:00,https://www.reddit.com/r/movies/comments/5b0zni/official_discussion_doctor_strange_spoilers/d9lb0yi/,0 days 00:00:05.000000000
34,ggalaximm,16,1,4,2016-11-04 10:45:17+00:00,https://www.reddit.com/r/movies/comments/5b0zni/official_discussion_doctor_strange_spoilers/d9lb10b/,0 days 00:00:04.000000000
35,ggalaximm,19,1,4,2016-11-04 10:45:22+00:00,https://www.reddit.com/r/movies/comments/5b0zni/official_discussion_doctor_strange_spoilers/d9lb128/,0 days 00:00:05.000000000
36,ggalaximm,17,1,4,2016-11-04 10:45:31+00:00,https://www.reddit.com/r/movies/comments/5b0zni/official_discussion_doctor_strange_spoilers/d9lb15v/,0 days 00:00:09.000000000
37,ggalaximm,13,1,4,2016-11-04 10:45:37+00:00,https://www.reddit.com/r/movies/comments/5b0zni/official_discussion_doctor_strange_spoilers/d9lb185/,0 days 00:00:06.000000000
38,ggalaximm,13,1,4,2016-11-04 10:45:42+00:00,https://www.reddit.com/r/movies/comments/5b0zni/official_discussion_doctor_strange_spoilers/d9lb1ab/,0 days 00:00:05.000000000
39,ggalaximm,13,1,4,2016-11-04 10:45:46+00:00,https://www.reddit.com/r/movies/comments/5b0zni/official_discussion_doctor_strange_spoilers/d9lb1c9/,0 days 00:00:04.000000000
40,ggalaximm,11,1,5,2016-11-04 10:45:51+00:00,https://www.reddit.com/r/movies/comments/5b0zni/official_discussion_doctor_strange_spoilers/d9lb1e7/,0 days 00:00:05.000000000
41,ggalaximm,12,1,5,2016-11-04 10:46:34+00:00,https://www.reddit.com/r/movies/comments/5b0zni/official_discussion_doctor_strange_spoilers/d9lb1xr/,0 days 00:00:43.000000000
42,ggalaximm,12,1,5,2016-11-04 10:46:40+00:00,https://www.reddit.com/r/movies/comments/5b0zni/official_discussion_doctor_strange_spoilers/d9lb20g/,0 days 00:00:06.000000000
43,ggalaximm,12,1,5,2016-11-04 10:46:44+00:00,https://www.reddit.com/r/movies/comments/5b0zni/official_discussion_doctor_strange_spoilers/d9lb22f/,0 days 00:00:04.000000000
44,ggalaximm,12,1,5,2016-11-04 10:46:49+00:00,https://www.reddit.com/r/movies/comments/5b0zni/official_discussion_doctor_strange_spoilers/d9lb24f/,0 days 00:00:05.000000000
45,ggalaximm,12,1,5,2016-11-04 10:46:55+00:00,https://www.reddit.com/r/movies/comments/5b0zni/official_discussion_doctor_strange_spoilers/d9lb26n/,0 days 00:00:06.000000000
46,ggalaximm,12,1,5,2016-11-04 10:46:59+00:00,https://www.reddit.com/r/movies/comments/5b0zni/official_discussion_doctor_strange_spoilers/d9lb28d/,0 days 00:00:04.000000000
47,ggalaximm,12,1,5,2016-11-04 10:47:04+00:00,https://www.reddit.com/r/movies/comments/5b0zni/official_discussion_doctor_strange_spoilers/d9lb2al/,0 days 00:00:05.000000000
48,ggalaximm,14,1,5,2016-11-04 10:47:10+00:00,https://www.reddit.com/r/movies/comments/5b0zni/official_discussion_doctor_strange_spoilers/d9lb2d3/,0 days 00:00:06.000000000
49,ggalaximm,12,1,5,2016-11-04 10:47:15+00:00,https://www.reddit.com/r/movies/comments/5b0zni/official_discussion_doctor_strange_spoilers/d9lb2fd/,0 days 00:00:05.000000000
50,ggalaximm,13,1,6,2016-11-04 10:47:20+00:00,https://www.reddit.com/r/movies/comments/5b0zni/official_discussion_doctor_strange_spoilers/d9lb2hi/,0 days 00:00:05.000000000
51,ggalaximm,13,1,6,2016-11-04 10:47:26+00:00,https://www.reddit.com/r/movies/comments/5b0zni/official_discussion_doctor_strange_spoilers/d9lb2kn/,0 days 00:00:06.000000000
52,ggalaximm,13,1,6,2016-11-04 10:47:43+00:00,https://www.reddit.com/r/movies/comments/5b0zni/official_discussion_doctor_strange_spoilers/d9lb2s3/,0 days 00:00:17.000000000
53,ggalaximm,12,1,6,2016-11-04 10:47:50+00:00,https://www.reddit.com/r/movies/comments/5b0zni/official_discussion_doctor_strange_spoilers/d9lb2ui/,0 days 00:00:07.000000000
54,ggalaximm,11,1,6,2016-11-04 10:48:03+00:00,https://www.reddit.com/r/movies/comments/5b0zni/official_discussion_doctor_strange_spoilers/d9lb30j/,0 days 00:00:13.000000000
55,ggalaximm,8,1,6,2016-11-04 10:48:08+00:00,https://www.reddit.com/r/movies/comments/5b0zni/official_discussion_doctor_strange_spoilers/d9lb32h/,0 days 00:00:05.000000000
56,ggalaximm,9,1,6,2016-11-04 10:48:11+00:00,https://www.reddit.com/r/movies/comments/5b0zni/official_discussion_doctor_strange_spoilers/d9lb33u/,0 days 00:00:03.000000000
57,ggalaximm,11,1,6,2016-11-04 10:48:15+00:00,https://www.reddit.com/r/movies/comments/5b0zni/official_discussion_doctor_strange_spoilers/d9lb35j/,0 days 00:00:04.000000000
58,ggalaximm,11,1,6,2016-11-04 10:48:19+00:00,https://www.reddit.com/r/movies/comments/5b0zni/official_discussion_doctor_strange_spoilers/d9lb37d/,0 days 00:00:04.000000000
59,ggalaximm,9,1,6,2016-11-04 10:48:23+00:00,https://www.reddit.com/r/movies/comments/5b0zni/official_discussion_doctor_strange_spoilers/d9lb398/,0 days 00:00:04.000000000
60,ggalaximm,11,1,7,2016-11-04 10:48:27+00:00,https://www.reddit.com/r/movies/comments/5b0zni/official_discussion_doctor_strange_spoilers/d9lb3au/,0 days 00:00:04.000000000
61,ggalaximm,9,1,7,2016-11-04 10:48:31+00:00,https://www.reddit.com/r/movies/comments/5b0zni/official_discussion_doctor_strange_spoilers/d9lb3ct/,0 days 00:00:04.000000000
62,ggalaximm,11,1,7,2016-11-04 10:48:36+00:00,https://www.reddit.com/r/movies/comments/5b0zni/official_discussion_doctor_strange_spoilers/d9lb3f0/,0 days 00:00:05.000000000
63,ggalaximm,14,1,7,2016-11-04 10:48:40+00:00,https://www.reddit.com/r/movies/comments/5b0zni/official_discussion_doctor_strange_spoilers/d9lb3gp/,0 days 00:00:04.000000000
64,ggalaximm,8,1,7,2016-11-04 10:48:44+00:00,https://www.reddit.com/r/movies/comments/5b0zni/official_discussion_doctor_strange_spoilers/d9lb3i5/,0 days 00:00:04.000000000
65,ggalaximm,9,1,7,2016-11-04 10:48:49+00:00,https://www.reddit.com/r/movies/comments/5b0zni/official_discussion_doctor_strange_spoilers/d9lb3ke/,0 days 00:00:05.000000000
66,ggalaximm,10,1,7,2016-11-04 10:48:52+00:00,https://www.reddit.com/r/movies/comments/5b0zni/official_discussion_doctor_strange_spoilers/d9lb3m5/,0 days 00:00:03.000000000
67,ggalaximm,9,1,7,2016-11-04 10:48:57+00:00,https://www.reddit.com/r/movies/comments/5b0zni/official_discussion_doctor_strange_spoilers/d9lb3oe/,0 days 00:00:05.000000000
68,ggalaximm,11,1,7,2016-11-04 10:49:02+00:00,https://www.reddit.com/r/movies/comments/5b0zni/official_discussion_doctor_strange_spoilers/d9lb3qm/,0 days 00:00:05.000000000
69,ggalaximm,11,1,7,2016-11-04 10:49:06+00:00,https://www.reddit.com/r/movies/comments/5b0zni/official_discussion_doctor_strange_spoilers/d9lb3si/,0 days 00:00:04.000000000
70,ggalaximm,8,1,8,2016-11-04 10:49:11+00:00,https://www.reddit.com/r/movies/comments/5b0zni/official_discussion_doctor_strange_spoilers/d9lb3uj/,0 days 00:00:05.000000000
71,ggalaximm,13,1,8,2016-11-04 10:49:15+00:00,https://www.reddit.com/r/movies/comments/5b0zni/official_discussion_doctor_strange_spoilers/d9lb3w9/,0 days 00:00:04.000000000
72,ggalaximm,12,1,8,2016-11-04 10:49:19+00:00,https://www.reddit.com/r/movies/comments/5b0zni/official_discussion_doctor_strange_spoilers/d9lb3xw/,0 days 00:00:04.000000000
73,ggalaximm,10,1,8,2016-11-04 10:49:24+00:00,https://www.reddit.com/r/movies/comments/5b0zni/official_discussion_doctor_strange_spoilers/d9lb400/,0 days 00:00:05.000000000
74,ggalaximm,10,1,8,2016-11-04 10:49:28+00:00,https://www.reddit.com/r/movies/comments/5b0zni/official_discussion_doctor_strange_spoilers/d9lb41v/,0 days 00:00:04.000000000
75,ggalaximm,11,1,8,2016-11-04 10:49:31+00:00,https://www.reddit.com/r/movies/comments/5b0zni/official_discussion_doctor_strange_spoilers/d9lb43l/,0 days 00:00:03.000000000
76,ggalaximm,10,1,8,2016-11-04 10:49:36+00:00,https://www.reddit.com/r/movies/comments/5b0zni/official_discussion_doctor_strange_spoilers/d9lb45g/,0 days 00:00:05.000000000
77,ggalaximm,12,1,8,2016-11-04 10:49:41+00:00,https://www.reddit.com/r/movies/comments/5b0zni/official_discussion_doctor_strange_spoilers/d9lb47v/,0 days 00:00:05.000000000
78,ggalaximm,9,1,8,2016-11-04 10:49:46+00:00,https://www.reddit.com/r/movies/comments/5b0zni/official_discussion_doctor_strange_spoilers/d9lb4ac/,0 days 00:00:05.000000000
79,ggalaximm,12,1,8,2016-11-04 10:49:52+00:00,https://www.reddit.com/r/movies/comments/5b0zni/official_discussion_doctor_strange_spoilers/d9lb4d1/,0 days 00:00:06.000000000
80,ggalaximm,13,1,9,2016-11-04 10:49:56+00:00,https://www.reddit.com/r/movies/comments/5b0zni/official_discussion_doctor_strange_spoilers/d9lb4f6/,0 days 00:00:04.000000000
81,ggalaximm,10,1,9,2016-11-04 10:54:54+00:00,https://www.reddit.com/r/movies/comments/5b0zni/official_discussion_doctor_strange_spoilers/d9lb84f/,0 days 00:04:58.000000000
82,ggalaximm,10,1,9,2016-11-04 10:54:58+00:00,https://www.reddit.com/r/movies/comments/5b0zni/official_discussion_doctor_strange_spoilers/d9lb85z/,0 days 00:00:04.000000000
83,ggalaximm,10,1,9,2016-11-04 10:55:02+00:00,https://www.reddit.com/r/movies/comments/5b0zni/official_discussion_doctor_strange_spoilers/d9lb87q/,0 days 00:00:04.000000000
84,ggalaximm,10,1,9,2016-11-04 10:55:06+00:00,https://www.reddit.com/r/movies/comments/5b0zni/official_discussion_doctor_strange_spoilers/d9lb89m/,0 days 00:00:04.000000000
85,ggalaximm,9,1,9,2016-11-04 10:55:10+00:00,https://www.reddit.com/r/movies/comments/5b0zni/official_discussion_doctor_strange_spoilers/d9lb8bg/,0 days 00:00:04.000000000
86,ggalaximm,9,1,9,2016-11-04 10:55:14+00:00,https://www.reddit.com/r/movies/comments/5b0zni/official_discussion_doctor_strange_spoilers/d9lb8dd/,0 days 00:00:04.000000000
87,ggalaximm,11,1,9,2016-11-04 10:55:19+00:00,https://www.reddit.com/r/movies/comments/5b0zni/official_discussion_doctor_strange_spoilers/d9lb8f8/,0 days 00:00:05.000000000
88,ggalaximm,12,1,9,2016-11-04 10:55:22+00:00,https://www.reddit.com/r/movies/comments/5b0zni/official_discussion_doctor_strange_spoilers/d9lb8ge/,0 days 00:00:03.000000000
89,ggalaximm,9,1,9,2016-11-04 10:55:26+00:00,https://www.reddit.com/r/movies/comments/5b0zni/official_discussion_doctor_strange_spoilers/d9lb8ij/,0 days 00:00:04.000000000
90,ggalaximm,11,1,10,2016-11-04 10:55:30+00:00,https://www.reddit.com/r/movies/comments/5b0zni/official_discussion_doctor_strange_spoilers/d9lb8kb/,0 days 00:00:04.000000000
91,ggalaximm,8,1,10,2016-11-04 10:55:34+00:00,https://www.reddit.com/r/movies/comments/5b0zni/official_discussion_doctor_strange_spoilers/d9lb8m8/,0 days 00:00:04.000000000
92,ggalaximm,8,1,10,2016-11-04 10:55:37+00:00,https://www.reddit.com/r/movies/comments/5b0zni/official_discussion_doctor_strange_spoilers/d9lb8nt/,0 days 00:00:03.000000000
93,ggalaximm,9,1,10,2016-11-04 10:55:41+00:00,https://www.reddit.com/r/movies/comments/5b0zni/official_discussion_doctor_strange_spoilers/d9lb8pk/,0 days 00:00:04.000000000
94,ggalaximm,12,1,10,2016-11-04 10:55:45+00:00,https://www.reddit.com/r/movies/comments/5b0zni/official_discussion_doctor_strange_spoilers/d9lb8r8/,0 days 00:00:04.000000000
95,ggalaximm,10,1,10,2016-11-04 10:55:49+00:00,https://www.reddit.com/r/movies/comments/5b0zni/official_discussion_doctor_strange_spoilers/d9lb8t7/,0 days 00:00:04.000000000
96,ggalaximm,10,1,10,2016-11-04 10:55:52+00:00,https://www.reddit.com/r/movies/comments/5b0zni/official_discussion_doctor_strange_spoilers/d9lb8us/,0 days 00:00:03.000000000
97,ggalaximm,11,1,10,2016-11-04 10:55:56+00:00,https://www.reddit.com/r/movies/comments/5b0zni/official_discussion_doctor_strange_spoilers/d9lb8wn/,0 days 00:00:04.000000000
98,ggalaximm,8,1,10,2016-11-04 10:56:01+00:00,https://www.reddit.com/r/movies/comments/5b0zni/official_discussion_doctor_strange_spoilers/d9lb8yn/,0 days 00:00:05.000000000
99,ggalaximm,10,1,10,2016-11-04 10:56:05+00:00,https://www.reddit.com/r/movies/comments/5b0zni/official_discussion_doctor_strange_spoilers/d9lb909/,0 days 00:00:04.000000000
100,ggalaximm,7,1,11,2016-11-04 10:56:09+00:00,https://www.reddit.com/r/movies/comments/5b0zni/official_discussion_doctor_strange_spoilers/d9lb92a/,0 days 00:00:04.000000000
101,ggalaximm,7,1,11,2016-11-04 10:56:14+00:00,https://www.reddit.com/r/movies/comments/5b0zni/official_discussion_doctor_strange_spoilers/d9lb94h/,0 days 00:00:05.000000000
102,ggalaximm,6,1,11,2016-11-04 10:56:18+00:00,https://www.reddit.com/r/movies/comments/5b0zni/official_discussion_doctor_strange_spoilers/d9lb96k/,0 days 00:00:04.000000000
103,ggalaximm,6,1,11,2016-11-04 10:56:23+00:00,https://www.reddit.com/r/movies/comments/5b0zni/official_discussion_doctor_strange_spoilers/d9lb98m/,0 days 00:00:05.000000000
104,ggalaximm,6,1,11,2016-11-04 10:56:27+00:00,https://www.reddit.com/r/movies/comments/5b0zni/official_discussion_doctor_strange_spoilers/d9lb9as/,0 days 00:00:04.000000000
105,ggalaximm,7,1,11,2016-11-04 10:56:31+00:00,https://www.reddit.com/r/movies/comments/5b0zni/official_discussion_doctor_strange_spoilers/d9lb9co/,0 days 00:00:04.000000000
106,ggalaximm,9,1,11,2016-11-04 10:56:35+00:00,https://www.reddit.com/r/movies/comments/5b0zni/official_discussion_doctor_strange_spoilers/d9lb9eo/,0 days 00:00:04.000000000
107,ggalaximm,8,1,11,2016-11-04 10:56:39+00:00,https://www.reddit.com/r/movies/comments/5b0zni/official_discussion_doctor_strange_spoilers/d9lb9h3/,0 days 00:00:04.000000000
108,ggalaximm,7,1,11,2016-11-04 10:56:44+00:00,https://www.reddit.com/r/movies/comments/5b0zni/official_discussion_doctor_strange_spoilers/d9lb9jf/,0 days 00:00:05.000000000
109,ggalaximm,6,1,11,2016-11-04 10:56:48+00:00,https://www.reddit.com/r/movies/comments/5b0zni/official_discussion_doctor_strange_spoilers/d9lb9le/,0 days 00:00:04.000000000
110,ggalaximm,5,1,12,2016-11-04 10:56:53+00:00,https://www.reddit.com/r/movies/comments/5b0zni/official_discussion_doctor_strange_spoilers/d9lb9oa/,0 days 00:00:05.000000000
111,ggalaximm,7,1,12,2016-11-04 10:56:58+00:00,https://www.reddit.com/r/movies/comments/5b0zni/official_discussion_doctor_strange_spoilers/d9lb9q7/,0 days 00:00:05.000000000
112,ggalaximm,9,1,12,2016-11-04 10:57:03+00:00,https://www.reddit.com/r/movies/comments/5b0zni/official_discussion_doctor_strange_spoilers/d9lb9sd/,0 days 00:00:05.000000000
113,ggalaximm,7,1,12,2016-11-04 11:01:18+00:00,https://www.reddit.com/r/movies/comments/5b0zni/official_discussion_doctor_strange_spoilers/d9lbd25/,0 days 00:04:15.000000000
114,ggalaximm,5,1,12,2016-11-04 11:01:23+00:00,https://www.reddit.com/r/movies/comments/5b0zni/official_discussion_doctor_strange_spoilers/d9lbd4l/,0 days 00:00:05.000000000
115,ggalaximm,9,1,12,2016-11-04 11:02:25+00:00,https://www.reddit.com/r/movies/comments/5b0zni/official_discussion_doctor_strange_spoilers/d9lbdxg/,0 days 00:01:02.000000000
116,ggalaximm,9,1,12,2016-11-04 11:02:32+00:00,https://www.reddit.com/r/movies/comments/5b0zni/official_discussion_doctor_strange_spoilers/d9lbe0r/,0 days 00:00:07.000000000
117,ggalaximm,9,1,12,2016-11-04 11:02:36+00:00,https://www.reddit.com/r/movies/comments/5b0zni/official_discussion_doctor_strange_spoilers/d9lbe27/,0 days 00:00:04.000000000
118,ggalaximm,6,1,12,2016-11-04 11:02:39+00:00,https://www.reddit.com/r/movies/comments/5b0zni/official_discussion_doctor_strange_spoilers/d9lbe3b/,0 days 00:00:03.000000000
119,ggalaximm,5,1,12,2016-11-04 11:02:42+00:00,https://www.reddit.com/r/movies/comments/5b0zni/official_discussion_doctor_strange_spoilers/d9lbe4z/,0 days 00:00:03.000000000
120,ggalaximm,8,1,13,2016-11-04 11:02:46+00:00,https://www.reddit.com/r/movies/comments/5b0zni/official_discussion_doctor_strange_spoilers/d9lbe6u/,0 days 00:00:04.000000000
121,ggalaximm,5,1,13,2016-11-04 11:02:50+00:00,https://www.reddit.com/r/movies/comments/5b0zni/official_discussion_doctor_strange_spoilers/d9lbe8a/,0 days 00:00:04.000000000
122,ggalaximm,9,1,13,2016-11-04 11:02:53+00:00,https://www.reddit.com/r/movies/comments/5b0zni/official_discussion_doctor_strange_spoilers/d9lbe9y/,0 days 00:00:03.000000000
123,ggalaximm,8,1,13,2016-11-04 11:02:58+00:00,https://www.reddit.com/r/movies/comments/5b0zni/official_discussion_doctor_strange_spoilers/d9lbebt/,0 days 00:00:05.000000000
124,ggalaximm,8,1,13,2016-11-04 11:03:01+00:00,https://www.reddit.com/r/movies/comments/5b0zni/official_discussion_doctor_strange_spoilers/d9lbedf/,0 days 00:00:03.000000000
125,ggalaximm,6,1,13,2016-11-04 11:03:05+00:00,https://www.reddit.com/r/movies/comments/5b0zni/official_discussion_doctor_strange_spoilers/d9lbeez/,0 days 00:00:04.000000000
126,ggalaximm,7,1,13,2016-11-04 11:03:09+00:00,https://www.reddit.com/r/movies/comments/5b0zni/official_discussion_doctor_strange_spoilers/d9lbegx/,0 days 00:00:04.000000000
127,ggalaximm,4,1,13,2016-11-04 11:03:13+00:00,https://www.reddit.com/r/movies/comments/5b0zni/official_discussion_doctor_strange_spoilers/d9lbej5/,0 days 00:00:04.000000000
128,ggalaximm,5,1,13,2016-11-04 11:03:17+00:00,https://www.reddit.com/r/movies/comments/5b0zni/official_discussion_doctor_strange_spoilers/d9lbeks/,0 days 00:00:04.000000000
129,ggalaximm,6,1,13,2016-11-04 11:03:22+00:00,https://www.reddit.com/r/movies/comments/5b0zni/official_discussion_doctor_strange_spoilers/d9lbemf/,0 days 00:00:05.000000000
130,ggalaximm,8,1,14,2016-11-04 11:03:25+00:00,https://www.reddit.com/r/movies/comments/5b0zni/official_discussion_doctor_strange_spoilers/d9lbeo3/,0 days 00:00:03.000000000
131,ggalaximm,7,1,14,2016-11-04 11:03:29+00:00,https://www.reddit.com/r/movies/comments/5b0zni/official_discussion_doctor_strange_spoilers/d9lbepw/,0 days 00:00:04.000000000
132,ggalaximm,7,1,14,2016-11-04 11:03:33+00:00,https://www.reddit.com/r/movies/comments/5b0zni/official_discussion_doctor_strange_spoilers/d9lbern/,0 days 00:00:04.000000000
133,ggalaximm,8,1,14,2016-11-04 11:03:38+00:00,https://www.reddit.com/r/movies/comments/5b0zni/official_discussion_doctor_strange_spoilers/d9lbetg/,0 days 00:00:05.000000000
134,ggalaximm,8,1,14,2016-11-04 11:03:41+00:00,https://www.reddit.com/r/movies/comments/5b0zni/official_discussion_doctor_strange_spoilers/d9lbev7/,0 days 00:00:03.000000000
135,ggalaximm,8,1,14,2016-11-04 11:03:45+00:00,https://www.reddit.com/r/movies/comments/5b0zni/official_discussion_doctor_strange_spoilers/d9lbewt/,0 days 00:00:04.000000000
136,ggalaximm,7,1,14,2016-11-04 11:03:50+00:00,https://www.reddit.com/r/movies/comments/5b0zni/official_discussion_doctor_strange_spoilers/d9lbeyw/,0 days 00:00:05.000000000
137,ggalaximm,6,1,14,2016-11-04 11:03:54+00:00,https://www.reddit.com/r/movies/comments/5b0zni/official_discussion_doctor_strange_spoilers/d9lbf0r/,0 days 00:00:04.000000000
138,ggalaximm,8,1,14,2016-11-04 11:03:58+00:00,https://www.reddit.com/r/movies/comments/5b0zni/official_discussion_doctor_strange_spoilers/d9lbf25/,0 days 00:00:04.000000000
139,ggalaximm,4,1,14,2016-11-04 11:04:03+00:00,https://www.reddit.com/r/movies/comments/5b0zni/official_discussion_doctor_strange_spoilers/d9lbf46/,0 days 00:00:05.000000000
140,ggalaximm,8,1,15,2016-11-04 11:04:07+00:00,https://www.reddit.com/r/movies/comments/5b0zni/official_discussion_doctor_strange_spoilers/d9lbf5y/,0 days 00:00:04.000000000
141,ggalaximm,6,1,15,2016-11-04 11:04:10+00:00,https://www.reddit.com/r/movies/comments/5b0zni/official_discussion_doctor_strange_spoilers/d9lbf7e/,0 days 00:00:03.000000000
142,ggalaximm,6,1,15,2016-11-04 11:04:15+00:00,https://www.reddit.com/r/movies/comments/5b0zni/official_discussion_doctor_strange_spoilers/d9lbf9n/,0 days 00:00:05.000000000
143,ggalaximm,8,1,15,2016-11-04 11:04:19+00:00,https://www.reddit.com/r/movies/comments/5b0zni/official_discussion_doctor_strange_spoilers/d9lbfbm/,0 days 00:00:04.000000000
144,ggalaximm,5,1,15,2016-11-04 11:04:23+00:00,https://www.reddit.com/r/movies/comments/5b0zni/official_discussion_doctor_strange_spoilers/d9lbfdp/,0 days 00:00:04.000000000
145,ggalaximm,4,1,15,2016-11-04 11:04:28+00:00,https://www.reddit.com/r/movies/comments/5b0zni/official_discussion_doctor_strange_spoilers/d9lbfft/,0 days 00:00:05.000000000
146,ggalaximm,6,1,15,2016-11-04 11:04:32+00:00,https://www.reddit.com/r/movies/comments/5b0zni/official_discussion_doctor_strange_spoilers/d9lbfhz/,0 days 00:00:04.000000000
147,ggalaximm,7,1,15,2016-11-04 11:04:37+00:00,https://www.reddit.com/r/movies/comments/5b0zni/official_discussion_doctor_strange_spoilers/d9lbfkp/,0 days 00:00:05.000000000
148,ggalaximm,4,1,15,2016-11-04 11:05:00+00:00,https://www.reddit.com/r/movies/comments/5b0zni/official_discussion_doctor_strange_spoilers/d9lbfvp/,0 days 00:00:23.000000000
149,ggalaximm,7,1,15,2016-11-04 11:05:04+00:00,https://www.reddit.com/r/movies/comments/5b0zni/official_discussion_doctor_strange_spoilers/d9lbfxl/,0 days 00:00:04.000000000
150,ggalaximm,5,1,16,2016-11-04 11:05:09+00:00,https://www.reddit.com/r/movies/comments/5b0zni/official_discussion_doctor_strange_spoilers/d9lbfzk/,0 days 00:00:05.000000000
151,ggalaximm,8,1,16,2016-11-04 11:05:13+00:00,https://www.reddit.com/r/movies/comments/5b0zni/official_discussion_doctor_strange_spoilers/d9lbg1k/,0 days 00:00:04.000000000
152,ggalaximm,9,2,16,2016-11-04 11:05:16+00:00,https://www.reddit.com/r/movies/comments/5b0zni/official_discussion_doctor_strange_spoilers/d9lbg37/,0 days 00:00:03.000000000
153,ggalaximm,7,1,16,2016-11-04 11:05:20+00:00,https://www.reddit.com/r/movies/comments/5b0zni/official_discussion_doctor_strange_spoilers/d9lbg4s/,0 days 00:00:04.000000000
154,ggalaximm,8,1,16,2016-11-04 11:05:24+00:00,https://www.reddit.com/r/movies/comments/5b0zni/official_discussion_doctor_strange_spoilers/d9lbg6q/,0 days 00:00:04.000000000
155,ggalaximm,4,1,16,2016-11-04 11:05:29+00:00,https://www.reddit.com/r/movies/comments/5b0zni/official_discussion_doctor_strange_spoilers/d9lbg97/,0 days 00:00:05.000000000
156,ggalaximm,4,1,16,2016-11-04 11:05:33+00:00,https://www.reddit.com/r/movies/comments/5b0zni/official_discussion_doctor_strange_spoilers/d9lbgaj/,0 days 00:00:04.000000000
157,ggalaximm,5,1,16,2016-11-04 11:05:37+00:00,https://www.reddit.com/r/movies/comments/5b0zni/official_discussion_doctor_strange_spoilers/d9lbgch/,0 days 00:00:04.000000000
158,ggalaximm,7,1,16,2016-11-04 11:05:41+00:00,https://www.reddit.com/r/movies/comments/5b0zni/official_discussion_doctor_strange_spoilers/d9lbgen/,0 days 00:00:04.000000000
159,ggalaximm,4,1,16,2016-11-04 11:05:45+00:00,https://www.reddit.com/r/movies/comments/5b0zni/official_discussion_doctor_strange_spoilers/d9lbggk/,0 days 00:00:04.000000000
160,ggalaximm,8,1,17,2016-11-04 11:05:49+00:00,https://www.reddit.com/r/movies/comments/5b0zni/official_discussion_doctor_strange_spoilers/d9lbghz/,0 days 00:00:04.000000000
161,ggalaximm,8,1,17,2016-11-04 11:05:53+00:00,https://www.reddit.com/r/movies/comments/5b0zni/official_discussion_doctor_strange_spoilers/d9lbgke/,0 days 00:00:04.000000000
162,ggalaximm,6,1,17,2016-11-04 11:05:57+00:00,https://www.reddit.com/r/movies/comments/5b0zni/official_discussion_doctor_strange_spoilers/d9lbgm2/,0 days 00:00:04.000000000
163,ggalaximm,6,1,17,2016-11-04 11:06:01+00:00,https://www.reddit.com/r/movies/comments/5b0zni/official_discussion_doctor_strange_spoilers/d9lbgnw/,0 days 00:00:04.000000000
164,ggalaximm,5,1,17,2016-11-04 11:06:05+00:00,https://www.reddit.com/r/movies/comments/5b0zni/official_discussion_doctor_strange_spoilers/d9lbgpq/,0 days 00:00:04.000000000
165,ggalaximm,3,1,17,2016-11-04 11:06:09+00:00,https://www.reddit.com/r/movies/comments/5b0zni/official_discussion_doctor_strange_spoilers/d9lbgrr/,0 days 00:00:04.000000000
166,ggalaximm,4,1,17,2016-11-04 11:06:13+00:00,https://www.reddit.com/r/movies/comments/5b0zni/official_discussion_doctor_strange_spoilers/d9lbgtx/,0 days 00:00:04.000000000
167,ggalaximm,4,1,17,2016-11-04 11:06:17+00:00,https://www.reddit.com/r/movies/comments/5b0zni/official_discussion_doctor_strange_spoilers/d9lbgvu/,0 days 00:00:04.000000000
168,ggalaximm,6,1,17,2016-11-04 11:06:21+00:00,https://www.reddit.com/r/movies/comments/5b0zni/official_discussion_doctor_strange_spoilers/d9lbgxu/,0 days 00:00:04.000000000
169,ggalaximm,6,1,17,2016-11-04 11:06:26+00:00,https://www.reddit.com/r/movies/comments/5b0zni/official_discussion_doctor_strange_spoilers/d9lbh03/,0 days 00:00:05.000000000
170,ggalaximm,6,1,18,2016-11-04 11:06:30+00:00,https://www.reddit.com/r/movies/comments/5b0zni/official_discussion_doctor_strange_spoilers/d9lbh2b/,0 days 00:00:04.000000000
171,ggalaximm,6,1,18,2016-11-04 11:06:35+00:00,https://www.reddit.com/r/movies/comments/5b0zni/official_discussion_doctor_strange_spoilers/d9lbh4x/,0 days 00:00:05.000000000
172,ggalaximm,6,1,18,2016-11-04 11:06:39+00:00,https://www.reddit.com/r/movies/comments/5b0zni/official_discussion_doctor_strange_spoilers/d9lbh6p/,0 days 00:00:04.000000000
173,ggalaximm,7,1,18,2016-11-04 11:07:33+00:00,https://www.reddit.com/r/movies/comments/5b0zni/official_discussion_doctor_strange_spoilers/d9lbhv6/,0 days 00:00:54.000000000
174,ggalaximm,8,1,18,2016-11-04 11:07:37+00:00,https://www.reddit.com/r/movies/comments/5b0zni/official_discussion_doctor_strange_spoilers/d9lbhxn/,0 days 00:00:04.000000000
175,ggalaximm,6,1,18,2016-11-04 11:07:41+00:00,https://www.reddit.com/r/movies/comments/5b0zni/official_discussion_doctor_strange_spoilers/d9lbhzq/,0 days 00:00:04.000000000
176,ggalaximm,5,1,18,2016-11-04 11:07:45+00:00,https://www.reddit.com/r/movies/comments/5b0zni/official_discussion_doctor_strange_spoilers/d9lbi1l/,0 days 00:00:04.000000000
177,ggalaximm,3,1,18,2016-11-04 11:07:49+00:00,https://www.reddit.com/r/movies/comments/5b0zni/official_discussion_doctor_strange_spoilers/d9lbi3n/,0 days 00:00:04.000000000
178,ggalaximm,7,1,18,2016-11-04 11:07:52+00:00,https://www.reddit.com/r/movies/comments/5b0zni/official_discussion_doctor_strange_spoilers/d9lbi55/,0 days 00:00:03.000000000
179,ggalaximm,4,1,18,2016-11-04 11:07:55+00:00,https://www.reddit.com/r/movies/comments/5b0zni/official_discussion_doctor_strange_spoilers/d9lbi6c/,0 days 00:00:03.000000000
180,ggalaximm,4,1,19,2016-11-04 11:07:59+00:00,https://www.reddit.com/r/movies/comments/5b0zni/official_discussion_doctor_strange_spoilers/d9lbi88/,0 days 00:00:04.000000000
181,ggalaximm,4,1,19,2016-11-04 11:08:03+00:00,https://www.reddit.com/r/movies/comments/5b0zni/official_discussion_doctor_strange_spoilers/d9lbia3/,0 days 00:00:04.000000000
182,ggalaximm,4,1,19,2016-11-04 11:08:06+00:00,https://www.reddit.com/r/movies/comments/5b0zni/official_discussion_doctor_strange_spoilers/d9lbibl/,0 days 00:00:03.000000000
183,nanoman92,7,1,19,2016-11-04 11:13:25+00:00,https://www.reddit.com/r/movies/comments/5b0zni/official_discussion_doctor_strange_spoilers/d9lbmik/,0 days 00:05:19.000000000
184,ggalaximm,4,1,19,2016-11-04 11:16:51+00:00,https://www.reddit.com/r/movies/comments/5b0zni/official_discussion_doctor_strange_spoilers/d9lbp6j/,0 days 00:03:26.000000000
185,ggalaximm,6,1,19,2016-11-04 11:16:55+00:00,https://www.reddit.com/r/movies/comments/5b0zni/official_discussion_doctor_strange_spoilers/d9lbp8h/,0 days 00:00:04.000000000
186,ggalaximm,5,1,19,2016-11-04 11:16:59+00:00,https://www.reddit.com/r/movies/comments/5b0zni/official_discussion_doctor_strange_spoilers/d9lbpae/,0 days 00:00:04.000000000
187,ggalaximm,6,1,19,2016-11-04 11:17:03+00:00,https://www.reddit.com/r/movies/comments/5b0zni/official_discussion_doctor_strange_spoilers/d9lbpca/,0 days 00:00:04.000000000
188,ggalaximm,4,1,19,2016-11-04 11:17:07+00:00,https://www.reddit.com/r/movies/comments/5b0zni/official_discussion_doctor_strange_spoilers/d9lbpee/,0 days 00:00:04.000000000
189,ggalaximm,5,1,19,2016-11-04 11:17:11+00:00,https://www.reddit.com/r/movies/comments/5b0zni/official_discussion_doctor_strange_spoilers/d9lbpg9/,0 days 00:00:04.000000000
190,ggalaximm,3,1,20,2016-11-04 11:17:14+00:00,https://www.reddit.com/r/movies/comments/5b0zni/official_discussion_doctor_strange_spoilers/d9lbphn/,0 days 00:00:03.000000000
191,ggalaximm,3,1,20,2016-11-04 11:17:18+00:00,https://www.reddit.com/r/movies/comments/5b0zni/official_discussion_doctor_strange_spoilers/d9lbpje/,0 days 00:00:04.000000000
192,ggalaximm,3,1,20,2016-11-04 11:17:21+00:00,https://www.reddit.com/r/movies/comments/5b0zni/official_discussion_doctor_strange_spoilers/d9lbpl8/,0 days 00:00:03.000000000
193,ggalaximm,3,1,20,2016-11-04 11:17:25+00:00,https://www.reddit.com/r/movies/comments/5b0zni/official_discussion_doctor_strange_spoilers/d9lbpn8/,0 days 00:00:04.000000000
194,ggalaximm,3,1,20,2016-11-04 11:17:30+00:00,https://www.reddit.com/r/movies/comments/5b0zni/official_discussion_doctor_strange_spoilers/d9lbppm/,0 days 00:00:05.000000000
195,ggalaximm,3,1,20,2016-11-04 11:17:34+00:00,https://www.reddit.com/r/movies/comments/5b0zni/official_discussion_doctor_strange_spoilers/d9lbprb/,0 days 00:00:04.000000000
196,ggalaximm,3,1,20,2016-11-04 11:17:37+00:00,https://www.reddit.com/r/movies/comments/5b0zni/official_discussion_doctor_strange_spoilers/d9lbpsp/,0 days 00:00:03.000000000
197,ggalaximm,3,1,20,2016-11-04 11:17:43+00:00,https://www.reddit.com/r/movies/comments/5b0zni/official_discussion_doctor_strange_spoilers/d9lbpvv/,0 days 00:00:06.000000000
198,ggalaximm,3,1,20,2016-11-04 11:17:48+00:00,https://www.reddit.com/r/movies/comments/5b0zni/official_discussion_doctor_strange_spoilers/d9lbpy1/,0 days 00:00:05.000000000
199,ggalaximm,3,1,20,2016-11-04 11:17:54+00:00,https://www.reddit.com/r/movies/comments/5b0zni/official_discussion_doctor_strange_spoilers/d9lbq0t/,0 days 00:00:06.000000000
200,ggalaximm,3,1,21,2016-11-04 11:17:58+00:00,https://www.reddit.com/r/movies/comments/5b0zni/official_discussion_doctor_strange_spoilers/d9lbq39/,0 days 00:00:04.000000000
201,ggalaximm,3,1,21,2016-11-04 11:18:02+00:00,https://www.reddit.com/r/movies/comments/5b0zni/official_discussion_doctor_strange_spoilers/d9lbq5d/,0 days 00:00:04.000000000
202,ggalaximm,3,1,21,2016-11-04 11:18:06+00:00,https://www.reddit.com/r/movies/comments/5b0zni/official_discussion_doctor_strange_spoilers/d9lbq78/,0 days 00:00:04.000000000
203,ggalaximm,3,1,21,2016-11-04 11:18:11+00:00,https://www.reddit.com/r/movies/comments/5b0zni/official_discussion_doctor_strange_spoilers/d9lbq99/,0 days 00:00:05.000000000
204,ggalaximm,3,1,21,2016-11-04 11:18:14+00:00,https://www.reddit.com/r/movies/comments/5b0zni/official_discussion_doctor_strange_spoilers/d9lbqax/,0 days 00:00:03.000000000
205,ggalaximm,3,1,21,2016-11-04 11:18:18+00:00,https://www.reddit.com/r/movies/comments/5b0zni/official_discussion_doctor_strange_spoilers/d9lbqd2/,0 days 00:00:04.000000000
206,ggalaximm,3,1,21,2016-11-04 11:18:22+00:00,https://www.reddit.com/r/movies/comments/5b0zni/official_discussion_doctor_strange_spoilers/d9lbqf1/,0 days 00:00:04.000000000
207,ggalaximm,5,1,21,2016-11-04 11:18:27+00:00,https://www.reddit.com/r/movies/comments/5b0zni/official_discussion_doctor_strange_spoilers/d9lbqh5/,0 days 00:00:05.000000000
208,ggalaximm,4,1,21,2016-11-04 11:18:32+00:00,https://www.reddit.com/r/movies/comments/5b0zni/official_discussion_doctor_strange_spoilers/d9lbqjg/,0 days 00:00:05.000000000
209,ggalaximm,4,1,21,2016-11-04 11:18:36+00:00,https://www.reddit.com/r/movies/comments/5b0zni/official_discussion_doctor_strange_spoilers/d9lbqlr/,0 days 00:00:04.000000000
210,ggalaximm,4,1,22,2016-11-04 11:18:41+00:00,https://www.reddit.com/r/movies/comments/5b0zni/official_discussion_doctor_strange_spoilers/d9lbqob/,0 days 00:00:05.000000000
211,ggalaximm,3,1,22,2016-11-04 11:18:45+00:00,https://www.reddit.com/r/movies/comments/5b0zni/official_discussion_doctor_strange_spoilers/d9lbqq3/,0 days 00:00:04.000000000
212,ggalaximm,3,4,22,2016-11-04 11:18:51+00:00,https://www.reddit.com/r/movies/comments/5b0zni/official_discussion_doctor_strange_spoilers/d9lbqsq/,0 days 00:00:06.000000000
213,antnylopz,3,1,22,2016-11-05 17:58:35+00:00,https://www.reddit.com/r/movies/comments/5b0zni/official_discussion_doctor_strange_spoilers/d9n3dwa/,1 days 06:39:44.000000000
214,antnylopz,2,1,22,2016-11-05 18:04:22+00:00,https://www.reddit.com/r/movies/comments/5b0zni/official_discussion_doctor_strange_spoilers/d9n3msj/,0 days 00:05:47.000000000
215,antnylopz,2,1,22,2016-11-05 18:04:25+00:00,https://www.reddit.com/r/movies/comments/5b0zni/official_discussion_doctor_strange_spoilers/d9n3muk/,0 days 00:00:03.000000000
216,antnylopz,2,1,22,2016-11-05 18:04:27+00:00,https://www.reddit.com/r/movies/comments/5b0zni/official_discussion_doctor_strange_spoilers/d9n3mwr/,0 days 00:00:02.000000000
217,antnylopz,2,1,22,2016-11-05 18:04:29+00:00,https://www.reddit.com/r/movies/comments/5b0zni/official_discussion_doctor_strange_spoilers/d9n3myq/,0 days 00:00:02.000000000
218,antnylopz,2,1,22,2016-11-05 18:04:31+00:00,https://www.reddit.com/r/movies/comments/5b0zni/official_discussion_doctor_strange_spoilers/d9n3n04/,0 days 00:00:02.000000000
219,antnylopz,3,1,22,2016-11-05 18:04:34+00:00,https://www.reddit.com/r/movies/comments/5b0zni/official_discussion_doctor_strange_spoilers/d9n3n2g/,0 days 00:00:03.000000000
220,antnylopz,3,1,23,2016-11-05 18:04:36+00:00,https://www.reddit.com/r/movies/comments/5b0zni/official_discussion_doctor_strange_spoilers/d9n3n4e/,0 days 00:00:02.000000000
221,antnylopz,3,1,23,2016-11-05 18:04:37+00:00,https://www.reddit.com/r/movies/comments/5b0zni/official_discussion_doctor_strange_spoilers/d9n3n66/,0 days 00:00:01.000000000
222,antnylopz,3,1,23,2016-11-05 18:04:40+00:00,https://www.reddit.com/r/movies/comments/5b0zni/official_discussion_doctor_strange_spoilers/d9n3n92/,0 days 00:00:03.000000000
223,antnylopz,3,1,23,2016-11-05 18:04:42+00:00,https://www.reddit.com/r/movies/comments/5b0zni/official_discussion_doctor_strange_spoilers/d9n3nb4/,0 days 00:00:02.000000000
224,antnylopz,3,1,23,2016-11-05 18:04:44+00:00,https://www.reddit.com/r/movies/comments/5b0zni/official_discussion_doctor_strange_spoilers/d9n3nda/,0 days 00:00:02.000000000
225,antnylopz,3,1,23,2016-11-05 18:04:46+00:00,https://www.reddit.com/r/movies/comments/5b0zni/official_discussion_doctor_strange_spoilers/d9n3nej/,0 days 00:00:02.000000000
226,antnylopz,3,1,23,2016-11-05 18:04:47+00:00,https://www.reddit.com/r/movies/comments/5b0zni/official_discussion_doctor_strange_spoilers/d9n3ng6/,0 days 00:00:01.000000000
227,antnylopz,3,1,23,2016-11-05 18:04:50+00:00,https://www.reddit.com/r/movies/comments/5b0zni/official_discussion_doctor_strange_spoilers/d9n3nio/,0 days 00:00:03.000000000
228,antnylopz,3,1,23,2016-11-05 18:04:51+00:00,https://www.reddit.com/r/movies/comments/5b0zni/official_discussion_doctor_strange_spoilers/d9n3nkb/,0 days 00:00:01.000000000
229,antnylopz,3,1,23,2016-11-05 18:04:54+00:00,https://www.reddit.com/r/movies/comments/5b0zni/official_discussion_doctor_strange_spoilers/d9n3nlx/,0 days 00:00:03.000000000
230,antnylopz,3,1,24,2016-11-05 18:04:55+00:00,https://www.reddit.com/r/movies/comments/5b0zni/official_discussion_doctor_strange_spoilers/d9n3nnk/,0 days 00:00:01.000000000
231,antnylopz,3,1,24,2016-11-05 18:04:57+00:00,https://www.reddit.com/r/movies/comments/5b0zni/official_discussion_doctor_strange_spoilers/d9n3npi/,0 days 00:00:02.000000000
232,antnylopz,3,1,24,2016-11-05 18:05:00+00:00,https://www.reddit.com/r/movies/comments/5b0zni/official_discussion_doctor_strange_spoilers/d9n3nru/,0 days 00:00:03.000000000
233,antnylopz,3,1,24,2016-11-05 18:05:02+00:00,https://www.reddit.com/r/movies/comments/5b0zni/official_discussion_doctor_strange_spoilers/d9n3ntb/,0 days 00:00:02.000000000
234,antnylopz,3,1,24,2016-11-05 18:05:04+00:00,https://www.reddit.com/r/movies/comments/5b0zni/official_discussion_doctor_strange_spoilers/d9n3nw1/,0 days 00:00:02.000000000
235,antnylopz,3,1,24,2016-11-05 18:05:07+00:00,https://www.reddit.com/r/movies/comments/5b0zni/official_discussion_doctor_strange_spoilers/d9n3ny9/,0 days 00:00:03.000000000
236,antnylopz,3,1,24,2016-11-05 18:05:09+00:00,https://www.reddit.com/r/movies/comments/5b0zni/official_discussion_doctor_strange_spoilers/d9n3o16/,0 days 00:00:02.000000000
237,antnylopz,3,1,24,2016-11-05 18:05:12+00:00,https://www.reddit.com/r/movies/comments/5b0zni/official_discussion_doctor_strange_spoilers/d9n3o4a/,0 days 00:00:03.000000000
238,antnylopz,3,1,24,2016-11-05 18:05:15+00:00,https://www.reddit.com/r/movies/comments/5b0zni/official_discussion_doctor_strange_spoilers/d9n3o6h/,0 days 00:00:03.000000000
239,gggalaximmm,2,1,24,2016-11-05 19:12:07+00:00,https://www.reddit.com/r/movies/comments/5b0zni/official_discussion_doctor_strange_spoilers/d9n6hwq/,0 days 01:06:52.000000000
240,gggalaximmm,2,1,25,2016-11-05 19:12:11+00:00,https://www.reddit.com/r/movies/comments/5b0zni/official_discussion_doctor_strange_spoilers/d9n6i1f/,0 days 00:00:04.000000000
241,gggalaximmm,2,1,25,2016-11-05 19:12:15+00:00,https://www.reddit.com/r/movies/comments/5b0zni/official_discussion_doctor_strange_spoilers/d9n6i4z/,0 days 00:00:04.000000000
242,antnylopz,2,1,25,2016-11-07 12:39:09+00:00,https://www.reddit.com/r/movies/comments/5b0zni/official_discussion_doctor_strange_spoilers/d9pgivl/,1 days 17:26:54.000000000
243,antnylopz,2,1,25,2016-11-07 12:39:12+00:00,https://www.reddit.com/r/movies/comments/5b0zni/official_discussion_doctor_strange_spoilers/d9pgixk/,0 days 00:00:03.000000000
244,antnylopz,2,1,25,2016-11-07 12:39:15+00:00,https://www.reddit.com/r/movies/comments/5b0zni/official_discussion_doctor_strange_spoilers/d9pgiz9/,0 days 00:00:03.000000000
245,antnylopz,2,1,25,2016-11-07 12:39:18+00:00,https://www.reddit.com/r/movies/comments/5b0zni/official_discussion_doctor_strange_spoilers/d9pgj0t/,0 days 00:00:03.000000000
246,wwoofless,2,1,25,2016-11-07 13:37:39+00:00,https://www.reddit.com/r/movies/comments/5b0zni/official_discussion_doctor_strange_spoilers/d9pi5zr/,0 days 00:58:21.000000000
247,antnylopz,2,1,25,2016-11-07 13:46:53+00:00,https://www.reddit.com/r/movies/comments/5b0zni/official_discussion_doctor_strange_spoilers/d9pigtx/,0 days 00:09:14.000000000
248,antnylopz,3,1,25,2016-11-07 13:46:57+00:00,https://www.reddit.com/r/movies/comments/5b0zni/official_discussion_doctor_strange_spoilers/d9pigwc/,0 days 00:00:04.000000000
249,antnylopz,3,1,25,2016-11-07 13:46:59+00:00,https://www.reddit.com/r/movies/comments/5b0zni/official_discussion_doctor_strange_spoilers/d9pigxo/,0 days 00:00:02.000000000
250,gggalaximmm,2,1,26,2016-11-08 02:57:47+00:00,https://www.reddit.com/r/movies/comments/5b0zni/official_discussion_doctor_strange_spoilers/d9qjjvx/,0 days 13:10:48.000000000
251,gggalaximmm,2,1,26,2016-11-08 02:57:51+00:00,https://www.reddit.com/r/movies/comments/5b0zni/official_discussion_doctor_strange_spoilers/d9qjjzf/,0 days 00:00:04.000000000
252,gggalaximmm,2,1,26,2016-11-08 02:57:55+00:00,https://www.reddit.com/r/movies/comments/5b0zni/official_discussion_doctor_strange_spoilers/d9qjk2z/,0 days 00:00:04.000000000
253,gggalaximmm,2,1,26,2016-11-08 02:58:00+00:00,https://www.reddit.com/r/movies/comments/5b0zni/official_discussion_doctor_strange_spoilers/d9qjk6r/,0 days 00:00:05.000000000
254,gggalaximmm,2,1,26,2016-11-08 02:58:04+00:00,https://www.reddit.com/r/movies/comments/5b0zni/official_discussion_doctor_strange_spoilers/d9qjkal/,0 days 00:00:04.000000000
255,gggalaximmm,2,1,26,2016-11-08 02:58:08+00:00,https://www.reddit.com/r/movies/comments/5b0zni/official_discussion_doctor_strange_spoilers/d9qjkel/,0 days 00:00:04.000000000
256,gggalaximmm,2,1,26,2016-11-08 02:58:12+00:00,https://www.reddit.com/r/movies/comments/5b0zni/official_discussion_doctor_strange_spoilers/d9qjkii/,0 days 00:00:04.000000000
257,gggalaximmm,2,1,26,2016-11-08 02:58:20+00:00,https://www.reddit.com/r/movies/comments/5b0zni/official_discussion_doctor_strange_spoilers/d9qjkql/,0 days 00:00:08.000000000
258,gggalaximmm,2,1,26,2016-11-08 02:58:25+00:00,https://www.reddit.com/r/movies/comments/5b0zni/official_discussion_doctor_strange_spoilers/d9qjkvi/,0 days 00:00:05.000000000
259,gggalaximmm,2,1,26,2016-11-08 02:58:29+00:00,https://www.reddit.com/r/movies/comments/5b0zni/official_discussion_doctor_strange_spoilers/d9qjl06/,0 days 00:00:04.000000000
260,gggalaximmm,2,1,27,2016-11-08 03:22:19+00:00,https://www.reddit.com/r/movies/comments/5b0zni/official_discussion_doctor_strange_spoilers/d9qkosj/,0 days 00:23:50.000000000
261,gggalaximmm,2,1,27,2016-11-08 03:22:23+00:00,https://www.reddit.com/r/movies/comments/5b0zni/official_discussion_doctor_strange_spoilers/d9qkowg/,0 days 00:00:04.000000000
262,gggalaximmm,3,1,27,2016-11-08 03:22:27+00:00,https://www.reddit.com/r/movies/comments/5b0zni/official_discussion_doctor_strange_spoilers/d9qkp0u/,0 days 00:00:04.000000000
263,gggalaximmm,3,1,27,2016-11-08 03:22:31+00:00,https://www.reddit.com/r/movies/comments/5b0zni/official_discussion_doctor_strange_spoilers/d9qkp54/,0 days 00:00:04.000000000
264,gggalaximmm,3,1,27,2016-11-08 03:22:35+00:00,https://www.reddit.com/r/movies/comments/5b0zni/official_discussion_doctor_strange_spoilers/d9qkp8b/,0 days 00:00:04.000000000
265,gggalaximmm,3,1,27,2016-11-08 03:22:38+00:00,https://www.reddit.com/r/movies/comments/5b0zni/official_discussion_doctor_strange_spoilers/d9qkpbm/,0 days 00:00:03.000000000
266,gggalaximmm,2,1,27,2016-11-08 03:22:42+00:00,https://www.reddit.com/r/movies/comments/5b0zni/official_discussion_doctor_strange_spoilers/d9qkpeq/,0 days 00:00:04.000000000
267,gggalaximmm,3,1,27,2016-11-08 03:22:46+00:00,https://www.reddit.com/r/movies/comments/5b0zni/official_discussion_doctor_strange_spoilers/d9qkpi1/,0 days 00:00:04.000000000
268,gggalaximmm,3,1,27,2016-11-08 03:22:51+00:00,https://www.reddit.com/r/movies/comments/5b0zni/official_discussion_doctor_strange_spoilers/d9qkpm0/,0 days 00:00:05.000000000
269,TheWistfulWanderer,2,1,27,2016-11-08 03:54:24+00:00,https://www.reddit.com/r/movies/comments/5b0zni/official_discussion_doctor_strange_spoilers/d9qm2a5/,0 days 00:31:33.000000000
270,gggalaximmm,2,1,28,2016-11-08 04:09:03+00:00,https://www.reddit.com/r/movies/comments/5b0zni/official_discussion_doctor_strange_spoilers/d9qmnmn/,0 days 00:14:39.000000000
271,gggalaximmm,2,1,28,2016-11-08 04:09:07+00:00,https://www.reddit.com/r/movies/comments/5b0zni/official_discussion_doctor_strange_spoilers/d9qmnpr/,0 days 00:00:04.000000000
272,gggalaximmm,2,1,28,2016-11-08 04:09:11+00:00,https://www.reddit.com/r/movies/comments/5b0zni/official_discussion_doctor_strange_spoilers/d9qmntv/,0 days 00:00:04.000000000
273,gggalaximmm,2,1,28,2016-11-08 04:09:15+00:00,https://www.reddit.com/r/movies/comments/5b0zni/official_discussion_doctor_strange_spoilers/d9qmnxl/,0 days 00:00:04.000000000
274,gggalaximmm,2,1,28,2016-11-08 04:09:20+00:00,https://www.reddit.com/r/movies/comments/5b0zni/official_discussion_doctor_strange_spoilers/d9qmo1x/,0 days 00:00:05.000000000
275,gggalaximmm,2,1,28,2016-11-08 04:09:24+00:00,https://www.reddit.com/r/movies/comments/5b0zni/official_discussion_doctor_strange_spoilers/d9qmo5f/,0 days 00:00:04.000000000
276,gggalaximmm,2,1,28,2016-11-08 04:09:28+00:00,https://www.reddit.com/r/movies/comments/5b0zni/official_discussion_doctor_strange_spoilers/d9qmo8v/,0 days 00:00:04.000000000
277,gggalaximmm,2,1,28,2016-11-08 04:09:32+00:00,https://www.reddit.com/r/movies/comments/5b0zni/official_discussion_doctor_strange_spoilers/d9qmoc8/,0 days 00:00:04.000000000
278,gggalaximmm,2,1,28,2016-11-08 04:09:35+00:00,https://www.reddit.com/r/movies/comments/5b0zni/official_discussion_doctor_strange_spoilers/d9qmof7/,0 days 00:00:03.000000000
279,gggalaximmm,2,1,28,2016-11-08 04:09:39+00:00,https://www.reddit.com/r/movies/comments/5b0zni/official_discussion_doctor_strange_spoilers/d9qmoi3/,0 days 00:00:04.000000000
280,gggalaximmm,2,1,29,2016-11-08 04:09:44+00:00,https://www.reddit.com/r/movies/comments/5b0zni/official_discussion_doctor_strange_spoilers/d9qmomf/,0 days 00:00:05.000000000
281,gggalaximmm,2,1,29,2016-11-08 04:09:48+00:00,https://www.reddit.com/r/movies/comments/5b0zni/official_discussion_doctor_strange_spoilers/d9qmopj/,0 days 00:00:04.000000000
282,gggalaximmm,2,1,29,2016-11-08 04:09:51+00:00,https://www.reddit.com/r/movies/comments/5b0zni/official_discussion_doctor_strange_spoilers/d9qmorq/,0 days 00:00:03.000000000
283,gggalaximmm,2,1,29,2016-11-08 04:09:56+00:00,https://www.reddit.com/r/movies/comments/5b0zni/official_discussion_doctor_strange_spoilers/d9qmov4/,0 days 00:00:05.000000000
284,gggalaximmm,2,1,29,2016-11-08 04:10:00+00:00,https://www.reddit.com/r/movies/comments/5b0zni/official_discussion_doctor_strange_spoilers/d9qmoz0/,0 days 00:00:04.000000000
285,gggalaximmm,2,1,29,2016-11-08 04:10:04+00:00,https://www.reddit.com/r/movies/comments/5b0zni/official_discussion_doctor_strange_spoilers/d9qmp2w/,0 days 00:00:04.000000000
286,gggalaximmm,2,1,29,2016-11-08 04:10:09+00:00,https://www.reddit.com/r/movies/comments/5b0zni/official_discussion_doctor_strange_spoilers/d9qmp7e/,0 days 00:00:05.000000000
287,gggalaximmm,2,1,29,2016-11-08 04:10:13+00:00,https://www.reddit.com/r/movies/comments/5b0zni/official_discussion_doctor_strange_spoilers/d9qmpay/,0 days 00:00:04.000000000
288,gggalaximmm,2,1,29,2016-11-08 04:10:17+00:00,https://www.reddit.com/r/movies/comments/5b0zni/official_discussion_doctor_strange_spoilers/d9qmpen/,0 days 00:00:04.000000000
289,gggalaximmm,2,1,29,2016-11-08 04:10:22+00:00,https://www.reddit.com/r/movies/comments/5b0zni/official_discussion_doctor_strange_spoilers/d9qmpir/,0 days 00:00:05.000000000
290,gggalaximmm,2,1,30,2016-11-08 04:10:26+00:00,https://www.reddit.com/r/movies/comments/5b0zni/official_discussion_doctor_strange_spoilers/d9qmpn2/,0 days 00:00:04.000000000
291,gggalaximmm,2,1,30,2016-11-08 04:10:30+00:00,https://www.reddit.com/r/movies/comments/5b0zni/official_discussion_doctor_strange_spoilers/d9qmpq6/,0 days 00:00:04.000000000
292,gggalaximmm,2,1,30,2016-11-08 04:10:34+00:00,https://www.reddit.com/r/movies/comments/5b0zni/official_discussion_doctor_strange_spoilers/d9qmpu4/,0 days 00:00:04.000000000
293,gggalaximmm,2,1,30,2016-11-08 04:10:38+00:00,https://www.reddit.com/r/movies/comments/5b0zni/official_discussion_doctor_strange_spoilers/d9qmpxv/,0 days 00:00:04.000000000
294,gggalaximmm,2,1,30,2016-11-08 04:10:42+00:00,https://www.reddit.com/r/movies/comments/5b0zni/official_discussion_doctor_strange_spoilers/d9qmq0z/,0 days 00:00:04.000000000
295,gggalaximmm,2,1,30,2016-11-08 04:10:47+00:00,https://www.reddit.com/r/movies/comments/5b0zni/official_discussion_doctor_strange_spoilers/d9qmq4x/,0 days 00:00:05.000000000
296,gggalaximmm,2,1,30,2016-11-08 04:10:52+00:00,https://www.reddit.com/r/movies/comments/5b0zni/official_discussion_doctor_strange_spoilers/d9qmq8y/,0 days 00:00:05.000000000
297,gggalaximmm,2,1,30,2016-11-08 04:10:56+00:00,https://www.reddit.com/r/movies/comments/5b0zni/official_discussion_doctor_strange_spoilers/d9qmqd2/,0 days 00:00:04.000000000
298,gggalaximmm,2,1,30,2016-11-08 04:11:01+00:00,https://www.reddit.com/r/movies/comments/5b0zni/official_discussion_doctor_strange_spoilers/d9qmqhb/,0 days 00:00:05.000000000
299,gggalaximmm,2,1,30,2016-11-08 04:11:06+00:00,https://www.reddit.com/r/movies/comments/5b0zni/official_discussion_doctor_strange_spoilers/d9qmqlp/,0 days 00:00:05.000000000
300,gggalaximmm,2,1,31,2016-11-08 04:11:12+00:00,https://www.reddit.com/r/movies/comments/5b0zni/official_discussion_doctor_strange_spoilers/d9qmqqv/,0 days 00:00:06.000000000
301,gggalaximmm,2,1,31,2016-11-08 04:12:15+00:00,https://www.reddit.com/r/movies/comments/5b0zni/official_discussion_doctor_strange_spoilers/d9qms7f/,0 days 00:01:03.000000000
302,gggalaximmm,2,1,31,2016-11-08 04:12:20+00:00,https://www.reddit.com/r/movies/comments/5b0zni/official_discussion_doctor_strange_spoilers/d9qmsbd/,0 days 00:00:05.000000000
303,gggalaximmm,2,1,31,2016-11-08 04:12:25+00:00,https://www.reddit.com/r/movies/comments/5b0zni/official_discussion_doctor_strange_spoilers/d9qmsg1/,0 days 00:00:05.000000000
304,gggalaximmm,2,1,31,2016-11-08 04:12:30+00:00,https://www.reddit.com/r/movies/comments/5b0zni/official_discussion_doctor_strange_spoilers/d9qmsk4/,0 days 00:00:05.000000000
305,gggalaximmm,2,1,31,2016-11-08 04:12:35+00:00,https://www.reddit.com/r/movies/comments/5b0zni/official_discussion_doctor_strange_spoilers/d9qmsou/,0 days 00:00:05.000000000
306,gggalaximmm,2,1,31,2016-11-08 04:12:42+00:00,https://www.reddit.com/r/movies/comments/5b0zni/official_discussion_doctor_strange_spoilers/d9qmsuo/,0 days 00:00:07.000000000
307,gggalaximmm,2,1,31,2016-11-08 04:12:47+00:00,https://www.reddit.com/r/movies/comments/5b0zni/official_discussion_doctor_strange_spoilers/d9qmt01/,0 days 00:00:05.000000000
308,gggalaximmm,2,1,31,2016-11-08 04:13:17+00:00,https://www.reddit.com/r/movies/comments/5b0zni/official_discussion_doctor_strange_spoilers/d9qmtq4/,0 days 00:00:30.000000000
309,gggalaximmm,2,1,31,2016-11-08 04:13:21+00:00,https://www.reddit.com/r/movies/comments/5b0zni/official_discussion_doctor_strange_spoilers/d9qmtts/,0 days 00:00:04.000000000
310,gggalaximmm,2,1,32,2016-11-08 04:13:25+00:00,https://www.reddit.com/r/movies/comments/5b0zni/official_discussion_doctor_strange_spoilers/d9qmtxa/,0 days 00:00:04.000000000
311,gggalaximmm,2,1,32,2016-11-08 04:13:30+00:00,https://www.reddit.com/r/movies/comments/5b0zni/official_discussion_doctor_strange_spoilers/d9qmu1g/,0 days 00:00:05.000000000
312,gggalaximmm,2,1,32,2016-11-08 04:13:34+00:00,https://www.reddit.com/r/movies/comments/5b0zni/official_discussion_doctor_strange_spoilers/d9qmu4v/,0 days 00:00:04.000000000
313,gggalaximmm,2,1,32,2016-11-08 04:13:38+00:00,https://www.reddit.com/r/movies/comments/5b0zni/official_discussion_doctor_strange_spoilers/d9qmu8v/,0 days 00:00:04.000000000
314,gggalaximmm,2,1,32,2016-11-08 04:13:44+00:00,https://www.reddit.com/r/movies/comments/5b0zni/official_discussion_doctor_strange_spoilers/d9qmude/,0 days 00:00:06.000000000
315,gggalaximmm,2,1,32,2016-11-08 04:13:48+00:00,https://www.reddit.com/r/movies/comments/5b0zni/official_discussion_doctor_strange_spoilers/d9qmugz/,0 days 00:00:04.000000000
316,gggalaximmm,2,1,32,2016-11-08 04:13:52+00:00,https://www.reddit.com/r/movies/comments/5b0zni/official_discussion_doctor_strange_spoilers/d9qmule/,0 days 00:00:04.000000000
317,gggalaximmm,2,1,32,2016-11-08 04:13:57+00:00,https://www.reddit.com/r/movies/comments/5b0zni/official_discussion_doctor_strange_spoilers/d9qmupr/,0 days 00:00:05.000000000
318,gggalaximmm,3,1,32,2016-11-08 04:14:02+00:00,https://www.reddit.com/r/movies/comments/5b0zni/official_discussion_doctor_strange_spoilers/d9qmutn/,0 days 00:00:05.000000000
319,spoodmon97,2,1,32,2016-11-08 06:13:53+00:00,https://www.reddit.com/r/movies/comments/5b0zni/official_discussion_doctor_strange_spoilers/d9qr1ba/,0 days 01:59:51.000000000
